URL,Last crawled,Status
https://www.iqmindware.com/wiki/what-is-an-iq-score-what-does-my-iq-score-mean/?amp=1,2026-03-09,Pending
https://www.iqmindware.com/trident-brain-training/iq-plasticity/mindfulness-mediation-improves-working-memory/?amp=1,2026-03-07,Pending
https://www.iqmindware.com/trident-brain-training/intelligence-research/jordan-peterson-iq-2/?amp=1,2026-03-04,Pending
https://www.iqmindware.com/increase-fluid-intelligence-iq/gf-mindware-training/deductive-reasoning-syllogisms/?amp=1,2026-03-04,Pending
https://www.iqmindware.com/iq-mindware-app-testimonials/?amp=1,2026-03-03,Pending
https://www.iqmindware.com/improve-bioq/circadian-rhythms-brain-health/?amp=1,2026-03-02,Pending
https://www.iqmindware.com/brain-training-plan/?amp=1,2026-03-02,Pending
https://www.iqmindware.com/tag/iq-bell-curve/?amp=1,2026-03-01,Pending
https://www.iqmindware.com/tag/iq-and-wealth/feed/,2026-03-01,Pending
https://www.iqmindware.com/category/intelligence-trackers/?amp=1,2026-02-28,Pending
https://www.iqmindware.com/intelligence-trackers/iq-tests/increase-iq/?cat=504,2026-02-27,Pending
https://www.iqmindware.com/trident-brain-training/intelligence-research/jordan-peterson-iq/?amp=1,2026-02-27,Pending
https://www.iqmindware.com/tag/iq-and-wealth/?amp=1,2026-02-27,Pending
https://www.iqmindware.com/improve-bioq/brain-cross-trainingexternal-and-internal-mindsets/?amp=1,2026-02-27,Pending
https://www.iqmindware.com/wiki/what-is-working-memory-capacity/?amp=1,2026-02-27,Pending
https://www.iqmindware.com/iqmindware-affiliates/?amp=1,2026-02-27,Pending
https://www.iqmindware.com/increase-iq/working-memory-training/?amp=1,2026-02-26,Pending
https://www.iqmindware.com/mark-ashton-smith-ph-d/?amp=1,2026-02-25,Pending
https://www.iqmindware.com/123-sigma-rule/?amp=1,2026-02-24,Pending
https://www.iqmindware.com/iq-tests/?amp=1,2026-02-24,Pending
https://www.iqmindware.com/far-transfer-brain-training/?amp=1,2026-02-24,Pending
https://www.iqmindware.com/trident-brain-training/iq-plasticity/hippocampus-iq/?amp=1,2026-02-24,Pending
https://www.iqmindware.com/wiki/what-is-visual-intelligence/?amp=1,2026-02-24,Pending
https://www.iqmindware.com/iq-mindware-about/?amp=1,2026-02-24,Pending
https://www.iqmindware.com/increase-iq/does-lumosity-work-2015-lumosity-study/?amp=1,2026-02-24,Pending
https://www.iqmindware.com/wiki/what-is-the-g-factor/?amp=1,2026-02-24,Pending
https://www.iqmindware.com/wiki/iq-eq-bioq-brain-training/?amp=1,2026-02-24,Pending
https://www.iqmindware.com/iq-training-goals/?amp=1,2026-02-22,Pending
https://www.iqmindware.com/blog/?hop=jrose1985,2026-02-20,Pending
https://www.iqmindware.com/iq-training-goals/?utm_source=substack&utm_medium=email,2026-02-20,Pending
https://www.iqmindware.com/increase-iq/how-to-increase-iq-reviewed/?amp=1,2026-02-19,Pending
https://www.iqmindware.com/tag/iq-tests/?amp=1,2026-02-18,Pending
https://www.iqmindware.com/can-you-increase-iq/?amp=1,2026-02-18,Pending
https://www.iqmindware.com/tag/iq-tests/?noamp=mobile,2026-02-17,Pending
https://www.iqmindware.com/trident-brain-training/intelligence-research/jordan-peterson-video-intelligence-as-speed-in-the-race-of-life-and-other-ideas/?amp=1,2026-02-17,Pending
https://www.iqmindware.com/blog/?amp=1,2026-02-17,Pending
https://www.iqmindware.com/blog/?tag=fmri-iq,2026-02-17,Pending
https://www.iqmindware.com/evidence-based-brain-training-for-iq/?amp=1,2026-02-17,Pending
https://www.iqmindware.com/iq-tests/,2026-02-17,Pending
https://www.iqmindware.com/category/self-quantification/iq-tests/,2026-02-16,Pending
https://www.iqmindware.com/intelligence-trackers/,2026-02-15,Pending
https://www.iqmindware.com/improve-bioq/focused-attention-meditation/?amp=1,2026-02-14,Pending
https://www.iqmindware.com/tag/mensa/?amp=1,2026-02-11,Pending
https://www.iqmindware.com/tag/dual-n-back/?amp=1,2026-02-09,Pending
https://www.iqmindware.com/wiki/what-is-fluid-intelligence-gf/?amp=1,2026-02-08,Pending
https://www.iqmindware.com/blog/page/5/?tag=adderall,2026-01-27,Pending
https://www.iqmindware.com/intelligence-trackers/iq-tests/valid-standardized-iq-tests/?amp=1,2026-01-21,Pending
https://www.iqmindware.com/category/improve-bioq/circadian-rhythms/feed/,2026-01-20,Pending
https://www.iqmindware.com/tag/tara-brach/feed/,2026-01-20,Pending
https://www.iqmindware.com/tag/improve-attention/feed/,2026-01-20,Pending
https://www.iqmindware.com/tag/neuroplasticity/?amp=1,2026-01-20,Pending
https://www.iqmindware.com/tag/focus-training/?amp=1,2026-01-20,Pending
https://www.iqmindware.com/tag/improve-attention/?amp=1,2026-01-20,Pending
https://www.iqmindware.com/tag/tara-brach/?amp=1,2026-01-20,Pending
https://www.iqmindware.com/tag/wissner-gross/?amp=1,2026-01-20,Pending
https://www.iqmindware.com/tag/increase-iq/?amp=1,2026-01-20,Pending
https://www.iqmindware.com/tag/jordan-peterson/?amp=1,2026-01-19,Pending
https://www.iqmindware.com/tag/tim-ferriss/?amp=1,2026-01-19,Pending
https://www.iqmindware.com/tag/lumosity/?noamp=mobile,2026-01-10,Pending
https://www.iqmindware.com/product/dx-headphones-2/?amp=1,2026-01-08,Pending
https://www.iqmindware.com/tag/binaural-beats/?amp=1,2026-01-04,Pending
https://www.iqmindware.com/tag/binaural-beats/feed/,2026-01-04,Pending
https://www.iqmindware.com/category/best-brain-training-apps/i3-mindware/,2026-01-01,Pending
https://www.iqmindware.com/iq-mindware-privacy-policy/?amp=1,2025-12-31,Pending
https://www.iqmindware.com/wiki/iq-guarantee/?amp=1,2025-12-30,Pending
https://www.iqmindware.com/product/black-speaker/?amp=1,2025-12-29,Pending
https://www.iqmindware.com/improve-bioq/brain-x-training/?noamp=mobile,2025-11-14,Pending
https://www.iqmindware.com/improve-bioq/brain-x-training/?amp=1,2025-11-14,Pending
https://www.iqmindware.com/tag/win-wenger/?amp=1,2025-11-11,Pending
https://www.iqmindware.com/improve-executive-control/capacity-training/training-strategies/?source=post_stats_page---------------------------,2025-11-07,Pending
https://www.iqmindware.com/wiki/what-is-bioenergetics/?noamp=mobile,2025-11-02,Pending
https://www.iqmindware.com/tag/brain-training-programs/?amp=1,2025-10-24,Pending
https://www.iqmindware.com/trident-brain-training/intelligence-research/the-bell-curve-cognitive-elites/?admitad_uid=9bcc23361143b39bf343c64aa4650ce1&utm_source=admitad,2025-10-08,Pending
https://www.iqmindware.com/tag/metacognition/?noamp=mobile,2025-10-08,Pending
https://www.iqmindware.com/increase-iq/amp-training/?noamp=mobile,2025-10-06,Pending
https://www.iqmindware.com/tag/susanne-jaeggi/?amp=1,2025-10-01,Pending
https://www.iqmindware.com/intelligence-trackers/iq-tests/increase-iq/?cat=504&noamp=mobile,2025-09-24,Pending
https://www.iqmindware.com/improve-bioq/mindfulness-meditation-improving-brain-function/?amp=1,2025-09-22,Pending
https://www.iqmindware.com/tag/hippocampus-training/feed/,2025-09-18,Pending
https://www.iqmindware.com/product/smart-watch/?amp=1,2025-09-18,Pending
https://www.iqmindware.com/product/wireless-sound-2/?amp=1,2025-09-18,Pending
https://www.iqmindware.com/product/space-watch/?amp=1,2025-09-18,Pending
https://www.iqmindware.com/product/super-watch/?amp=1,2025-09-18,Pending
https://www.iqmindware.com/product/space-mouse/?amp=1,2025-09-18,Pending
https://www.iqmindware.com/blog/?hop=jrose1985&noamp=mobile,2025-09-12,Pending
https://www.iqmindware.com/wiki/?amp=1,2025-09-11,Pending
https://www.iqmindware.com/tag/exercise/?noamp=mobile,2025-08-30,Pending
https://www.iqmindware.com/tag/neuroplasticity/feed/,2025-08-06,Pending
https://www.iqmindware.com/product/wireless-sound/?amp=1,2025-07-15,Pending
https://www.iqmindware.com/tag/glenn-saxe/?amp=1,2025-03-04,Pending
https://www.iqmindware.com/category/improve-bioq/hormesis/?amp=1,2025-03-04,Pending
https://www.iqmindware.com/category/improve-bioq/hormesis/feed/,2025-03-04,Pending
https://www.iqmindware.com/tag/gfocus/?amp=1,2025-02-20,Pending
https://www.iqmindware.com/tag/i3-mindware/?amp=1,2025-01-31,Pending
https://www.iqmindware.com/improve-executive-control/capacity-training/training-strategies/?amp=1,2025-01-25,Pending
https://www.iqmindware.com/product/redmi-note-2/?amp=1,2025-01-25,Pending
https://www.iqmindware.com/research-opportunities/?noamp=mobile,2025-01-24,Pending
https://www.iqmindware.com/research-opportunities/?amp=1,2025-01-24,Pending
https://www.iqmindware.com/improve-bioq/sleep/dreaming-boosts-fluid-problem-solving/?amp=1,2025-01-15,Pending
https://www.iqmindware.com/trident-brain-training/intelligence-research/the-bell-curve-cognitive-elites/?admitad_uid=079b71d5559aabf59f4bf07d14d4b920&utm_source=admitad,2025-01-14,Pending
https://www.iqmindware.com/tag/i3-mindware/feed/,2025-01-13,Pending
https://www.iqmindware.com/tag/hiit/feed/,2025-01-13,Pending
https://www.iqmindware.com/tag/hiit/?amp=1,2025-01-13,Pending
https://www.iqmindware.com/blog/?tag=adderall,2025-01-06,Pending
https://www.iqmindware.com/?hop=jrose1985,2024-12-31,Pending
https://www.iqmindware.com/increase-iq/growth-mindsets-failure/?amp=1,2024-12-22,Pending
https://www.iqmindware.com/tag/amp-training/?amp=1,2024-12-02,Pending
https://www.iqmindware.com/increase-iq/intelligence-augmentation-biohacking-mindhacking-iq/?amp=1,2024-11-12,Pending
https://www.iqmindware.com/category/tests-self-quantification/iq-tests/,2024-11-09,Pending
https://www.iqmindware.com/tag/amp-training/feed/,2024-11-07,Pending
https://www.iqmindware.com/tag/logical-inference/feed/,2024-11-06,Pending
https://www.iqmindware.com/blog/?tag=mindfulness,2024-11-03,Pending
https://www.iqmindware.com/category/improve-bioq/circadian-rhythms/?noamp=mobile,2024-10-25,Pending
https://www.iqmindware.com/improve-bioq/mindfulness-meditation-improving-brain-function/?noamp=mobile,2024-10-07,Pending
https://www.iqmindware.com/category/best-brain-training-apps/i3-mindware/?amp=1,2024-09-10,Pending
https://www.iqmindware.com/blog/?tag=mindfulness&amp=1,2024-08-05,Pending
https://www.iqmindware.com/blog/?hop=jrose1985&amp=1,2024-08-04,Pending
https://www.iqmindware.com/trident-brain-training/complete-brain-training-program-using-productivity-hacks/?amp=1,2024-07-29,Pending
https://www.iqmindware.com/tag/working-memory/?amp=1,2024-07-25,Pending
https://www.iqmindware.com/category/tests-self-quantification/iq-tests/?tag=high-iq-tests&amp=1,2024-07-21,Pending
https://www.iqmindware.com/tag/logical-inference/?amp=1,2024-07-19,Pending
https://www.iqmindware.com/category/iq-increase-apps/i3-mindware/feed/,2024-07-19,Pending
https://www.iqmindware.com/tag/lumosity/feed/,2024-07-18,Pending
https://www.iqmindware.com/intelligence-trackers/iq-tests/increase-iq/?cat=504&amp=1,2024-07-17,Pending
https://www.iqmindware.com/tag/metacognition/?amp=1,2024-07-17,Pending
https://www.iqmindware.com/trident-brain-training/iq-plasticity/iq-plasticity-hippocampal-neurogenesis/?amp=1,2024-07-16,Pending
https://www.iqmindware.com/tag/exercise/feed/,2024-07-16,Pending
https://www.iqmindware.com/tag/exercise/?amp=1,2024-07-15,Pending
https://www.iqmindware.com/category/iq-increase-apps/gfocus/feed/,2024-07-15,Pending
https://www.iqmindware.com/wiki/what-is-processing-speed/?amp=1,2024-07-14,Pending
https://www.iqmindware.com/tag/lumosity/?amp=1,2024-07-14,Pending
https://www.iqmindware.com/category/intelligence-trackers/iq-tests/?amp=1,2024-07-02,Pending
https://www.iqmindware.com/category/brain-training-apps/i3-mindware/feed/,2024-06-14,Pending
https://www.iqmindware.com/category/brain-training-apps/i3-mindware/?amp=1,2024-06-11,Pending
https://www.iqmindware.com/tag/bioq/?amp=1,2024-06-05,Pending
https://www.iqmindware.com/category/iq-increase-apps/i3-mindware/?amp=1,2024-06-02,Pending
https://www.iqmindware.com/category/iq-increase-apps/gfocus/?amp=1,2024-05-30,Pending
https://www.iqmindware.com/cognitive-training-apps/emotional-dual-n-back/?cat=509,2024-04-03,Pending
https://www.iqmindware.com/blog/the-bell-curve-cognitive-elites/?utm_source=advcake&utm_medium=cpa&utm_campaign=psychodemia&utm_content=affiliate_5bf928c5&advcake_params=4df05a93890e3527b4dcc937e51b562d&utm_term=4df05a93890e3527b4dcc937e51b562d&erid=LdtCKVRoV,2024-03-29,Pending
https://www.iqmindware.com/brain-iq-science/how-to-increase-iq-reviewed/?goback=.gde_978717_member_243843920,2021-09-07,Pending
https://www.iqmindware.com/dual-n-back/?tag=ritalin,2020-09-27,Pending
https://www.iqmindware.com/dual-n-back/?tag=modafinil,2020-09-25,Pending
https://www.iqmindware.com/dual-n-back/?tag=aricept,2020-03-09,Pending
https://www.iqmindware.com/dual-n-back/?tag=n-back-meta-study,2019-09-03,Pending